product_id,name,previous_section,new_section,reason
997536,7Up Soft Drink Lemon & Lime 2 L (bottle),9,drinks,"Brentwood: pop, soda, bottled/sparkling water, sports and energy drinks in Drinks section"
997537,7Up Soft Drink Zero 2 L (bottle),9,drinks,"Brentwood: pop, soda, bottled/sparkling water, sports and energy drinks in Drinks section"
990018,A&W Soft Drink Diet Root Beer 2 L  (bottle),9,drinks,"Brentwood: pop, soda, bottled/sparkling water, sports and energy drinks in Drinks section"
990604,A&W Soft Drink Root Beer 2 L (bottle),9,drinks,"Brentwood: pop, soda, bottled/sparkling water, sports and energy drinks in Drinks section"
691420,A&W Soft Drink Root Beer 6 x 222 ml (cans),9,drinks,"Brentwood: pop, soda, bottled/sparkling water, sports and energy drinks in Drinks section"
1305821,Alani Nu Energy Dream Float Drink 355 ml,other,drinks,"Brentwood: pop, soda, bottled/sparkling water, sports and energy drinks in Drinks section"
1287721,Alani Nu Orange Kiss Energy Drink 355 ml,9,drinks,"Brentwood: pop, soda, bottled/sparkling water, sports and energy drinks in Drinks section"
1335727,Alani Nu Pink Slush Energy Drink 355 ml,9,drinks,"Brentwood: pop, soda, bottled/sparkling water, sports and energy drinks in Drinks section"
146247,Body Armor Sports Drink Fruit Punch 473 ml (bottle),9,drinks,"Brentwood: pop, soda, bottled/sparkling water, sports and energy drinks in Drinks section"
149378,Body Armor Sports Drink Orange Mango 473 ml (bottle),9,drinks,"Brentwood: pop, soda, bottled/sparkling water, sports and energy drinks in Drinks section"
146198,Body Armor Sports Drink Strawberry Banana 473 ml (bottle),9,drinks,"Brentwood: pop, soda, bottled/sparkling water, sports and energy drinks in Drinks section"
867810,Canada Dry Diet Soft Drink Ginger Ale 6 x 222 ml (cans),9,drinks,"Brentwood: pop, soda, bottled/sparkling water, sports and energy drinks in Drinks section"
693775,Canada Dry Mini Soft Drink Club Soda 6 x 222 ml (cans),9,drinks,"Brentwood: pop, soda, bottled/sparkling water, sports and energy drinks in Drinks section"
271859,Canada Dry Mini Soft Drink Ginger Ale 6 x 222 ml (cans),9,drinks,"Brentwood: pop, soda, bottled/sparkling water, sports and energy drinks in Drinks section"
697625,Canada Dry Soft Drink Ginger Ale Cranberry 6 x 222 ml (cans),9,drinks,"Brentwood: pop, soda, bottled/sparkling water, sports and energy drinks in Drinks section"
160327,Canada Dry Soft Drink Ginger Beer 6 x 222 ml (cans),9,drinks,"Brentwood: pop, soda, bottled/sparkling water, sports and energy drinks in Drinks section"
5040,Canada Dry Soft Drink Zero Ginger Ale 2 L (bottle),9,drinks,"Brentwood: pop, soda, bottled/sparkling water, sports and energy drinks in Drinks section"
5121,Canada Dry Zero Sugar Soft Drink Ginger Ale 12 x 355 ml (cans),9,drinks,"Brentwood: pop, soda, bottled/sparkling water, sports and energy drinks in Drinks section"
5099,Canada Dry Zero Sugar Soft Drink Ginger Ale 6 x 222 ml (cans),9,drinks,"Brentwood: pop, soda, bottled/sparkling water, sports and energy drinks in Drinks section"
110994,Chubby Soft Drink Go Bananas 250 ml (bottle),9,drinks,"Brentwood: pop, soda, bottled/sparkling water, sports and energy drinks in Drinks section"
266523,Coca-Cola Diet Coke Soft Drink Mini Sleek 6 x 222 ml (cans),9,drinks,"Brentwood: pop, soda, bottled/sparkling water, sports and energy drinks in Drinks section"
1439418,Coca-Cola Soft Drink Vanilla 6 x 710 ml (bottles),9,drinks,"Brentwood: pop, soda, bottled/sparkling water, sports and energy drinks in Drinks section"
503214,Compliments Diet Soft Drink Lemon Lime 2 L (bottle),9,drinks,"Brentwood: pop, soda, bottled/sparkling water, sports and energy drinks in Drinks section"
503215,Compliments Soft Drink Black Cherry 2 L (bottle),9,drinks,"Brentwood: pop, soda, bottled/sparkling water, sports and energy drinks in Drinks section"
245138,Compliments Soft Drink Cream Soda 2 L (bottle),9,drinks,"Brentwood: pop, soda, bottled/sparkling water, sports and energy drinks in Drinks section"
503213,Compliments Soft Drink Grape 2 L (bottle),9,drinks,"Brentwood: pop, soda, bottled/sparkling water, sports and energy drinks in Drinks section"
503216,Compliments Soft Drink Root Beer 2 L (bottle),9,drinks,"Brentwood: pop, soda, bottled/sparkling water, sports and energy drinks in Drinks section"
997588,Crush Soft Drink Cream Soda 2 L (bottle),9,drinks,"Brentwood: pop, soda, bottled/sparkling water, sports and energy drinks in Drinks section"
997538,Crush Soft Drink Orange 2 L (bottle),9,drinks,"Brentwood: pop, soda, bottled/sparkling water, sports and energy drinks in Drinks section"
997755,Dr Pepper Soft Drink 2 L (bottle),9,drinks,"Brentwood: pop, soda, bottled/sparkling water, sports and energy drinks in Drinks section"
28683,Fanta Naturally Flavoured Sparkling Beverage Orange 6 × 222 ml,9,drinks,"Brentwood: pop, soda, bottled/sparkling water, sports and energy drinks in Drinks section"
29922,Fanta Soft Drink Orange 12 x 355 ml (cans),9,drinks,"Brentwood: pop, soda, bottled/sparkling water, sports and energy drinks in Drinks section"
9986,Fanta Soft Drink Orange 2 L (bottle),9,drinks,"Brentwood: pop, soda, bottled/sparkling water, sports and energy drinks in Drinks section"
1321091,Fanta Sparkling Beverage Pineapple 2 L (bottle),9,drinks,"Brentwood: pop, soda, bottled/sparkling water, sports and energy drinks in Drinks section"
147538,Gatorade G Zero Glacier Cherry Drink 6 X 591 ml,9,drinks,"Brentwood: pop, soda, bottled/sparkling water, sports and energy drinks in Drinks section"
953095,Gatorade Perform Sports Drink Fruit Punch 8 x 355 ml (bottles),9,drinks,"Brentwood: pop, soda, bottled/sparkling water, sports and energy drinks in Drinks section"
235462,Gatorade Sports Drink 4 Flavour 24 x 591 ml (bottles),9,drinks,"Brentwood: pop, soda, bottled/sparkling water, sports and energy drinks in Drinks section"
75139,Gatorade Sports Drink Cool Blue Raspberry 6 x 591 ml (bottles),9,drinks,"Brentwood: pop, soda, bottled/sparkling water, sports and energy drinks in Drinks section"
235502,Gatorade Sports Drink G2 Club Pack 24 x 591 ml (bottles),9,drinks,"Brentwood: pop, soda, bottled/sparkling water, sports and energy drinks in Drinks section"
481203,Gatorade Sports Drink Glacier Cherry 6 x 591 ml (bottles),9,drinks,"Brentwood: pop, soda, bottled/sparkling water, sports and energy drinks in Drinks section"
733542,Gatorade Sports Drink Lemon Lime 6 x 591 ml (bottles),9,drinks,"Brentwood: pop, soda, bottled/sparkling water, sports and energy drinks in Drinks section"
75142,Gatorade Sports Drink Orange 6 x 591 ml (bottles),9,drinks,"Brentwood: pop, soda, bottled/sparkling water, sports and energy drinks in Drinks section"
512718,Gatorade Zero Sport Drink Glacier Freeze 6 x 591 ml (bottles),9,drinks,"Brentwood: pop, soda, bottled/sparkling water, sports and energy drinks in Drinks section"
1316860,Gatorade Zero Sports Drink Apple Burst 8 x 355 ml (bottles),9,drinks,"Brentwood: pop, soda, bottled/sparkling water, sports and energy drinks in Drinks section"
953084,Gatorade Zero Sports Drink Berry 6 x 591 ml (bottles),9,drinks,"Brentwood: pop, soda, bottled/sparkling water, sports and energy drinks in Drinks section"
656214,Gatorade Zero Sports Drink Grape 6 x 591 ml (bottles),9,drinks,"Brentwood: pop, soda, bottled/sparkling water, sports and energy drinks in Drinks section"
1316859,Gatorade Zero Sports Drink Watermelon Splash 8 x 355 ml (bottles),9,drinks,"Brentwood: pop, soda, bottled/sparkling water, sports and energy drinks in Drinks section"
395735,Glucerna Meal Replacement Supplement Vanilla 6 x 237 ml (bottles),other,drinks,"Brentwood: pop, soda, bottled/sparkling water, sports and energy drinks in Drinks section"
1308736,Maison Perrier Sparkling Water Beverage Forever Passion Fruit 1 L,9,drinks,"Brentwood: pop, soda, bottled/sparkling water, sports and energy drinks in Drinks section"
1308691,Monster Energy Drink + Juice Rio Punch 473 ml,9,drinks,"Brentwood: pop, soda, bottled/sparkling water, sports and energy drinks in Drinks section"
268291,Monster Energy Drink 4 x 473 ml (cans),9,drinks,"Brentwood: pop, soda, bottled/sparkling water, sports and energy drinks in Drinks section"
429540,Monster Energy Drink Green 473 ml (can),9,drinks,"Brentwood: pop, soda, bottled/sparkling water, sports and energy drinks in Drinks section"
564655,Monster Energy Drink Mango Loco Punch 4 x 473 ml (cans),9,drinks,"Brentwood: pop, soda, bottled/sparkling water, sports and energy drinks in Drinks section"
934287,Monster Energy Drink Punch Mango Loco 473 ml (can),9,drinks,"Brentwood: pop, soda, bottled/sparkling water, sports and energy drinks in Drinks section"
7458,Monster Energy Drink Zero Sugar Ultra Peachy Keen 473 ml (can),9,drinks,"Brentwood: pop, soda, bottled/sparkling water, sports and energy drinks in Drinks section"
1379838,Monster Punch Energy Drink Viking Berry 473 ml (can),9,drinks,"Brentwood: pop, soda, bottled/sparkling water, sports and energy drinks in Drinks section"
269585,Monster Zero Sugar Energy Drink 473 ml (can),9,drinks,"Brentwood: pop, soda, bottled/sparkling water, sports and energy drinks in Drinks section"
1367563,Monster Zero Sugar Energy Drink Ultra Blue Hawaiian 473 ml (can),9,drinks,"Brentwood: pop, soda, bottled/sparkling water, sports and energy drinks in Drinks section"
1307475,Monster Zero Sugar Energy Drink Ultra Fantasy Ruby Red 473 ml (can),9,drinks,"Brentwood: pop, soda, bottled/sparkling water, sports and energy drinks in Drinks section"
303665,Mountain Dew Soft Drink Citrus 2 L (bottle),9,drinks,"Brentwood: pop, soda, bottled/sparkling water, sports and energy drinks in Drinks section"
500817,Mug Soft Drink Root Beer 2 L (bottle),9,drinks,"Brentwood: pop, soda, bottled/sparkling water, sports and energy drinks in Drinks section"
997745,Pepsi Caffeine-Free Diet Soft Drink 12 x 355 ml (cans),9,drinks,"Brentwood: pop, soda, bottled/sparkling water, sports and energy drinks in Drinks section"
997595,Pepsi Diet Soft Drink 12 x 355 ml (cans),9,drinks,"Brentwood: pop, soda, bottled/sparkling water, sports and energy drinks in Drinks section"
997533,Pepsi Diet Soft Drink 2 L (bottle),9,drinks,"Brentwood: pop, soda, bottled/sparkling water, sports and energy drinks in Drinks section"
482713,Pepsi Diet Soft Drink 6 x 222 ml (cans),9,drinks,"Brentwood: pop, soda, bottled/sparkling water, sports and energy drinks in Drinks section"
997535,Pepsi Diet Soft Drink Caffeine Free 2 L (bottle),9,drinks,"Brentwood: pop, soda, bottled/sparkling water, sports and energy drinks in Drinks section"
951042,Pepsi Mini Soft Drink Zero Sugar 6 x 222 ml (cans),9,drinks,"Brentwood: pop, soda, bottled/sparkling water, sports and energy drinks in Drinks section"
997532,Pepsi Soft Drink 2 L (bottle),9,drinks,"Brentwood: pop, soda, bottled/sparkling water, sports and energy drinks in Drinks section"
325782,Pepsi Soft Drink 24 x 355 ml (cans),9,drinks,"Brentwood: pop, soda, bottled/sparkling water, sports and energy drinks in Drinks section"
180936,Pepsi Soft Drink Zero Sugar 12 x 355 ml (cans),9,drinks,"Brentwood: pop, soda, bottled/sparkling water, sports and energy drinks in Drinks section"
22537,Pepsi Zero Sugar Soft Drink Wild Cherry 12 x 355 ml (cans),9,drinks,"Brentwood: pop, soda, bottled/sparkling water, sports and energy drinks in Drinks section"
481932,Powerade Sports Drink Fruit Punch 710 ml (bottle),9,drinks,"Brentwood: pop, soda, bottled/sparkling water, sports and energy drinks in Drinks section"
481933,Powerade Sports Drink Grape 710 ml (bottle),9,drinks,"Brentwood: pop, soda, bottled/sparkling water, sports and energy drinks in Drinks section"
481948,Powerade Sports Drink Melon Pineapple 710 ml (bottle),9,drinks,"Brentwood: pop, soda, bottled/sparkling water, sports and energy drinks in Drinks section"
481941,Powerade Sports Drink Mixed Berry 710 ml (bottle),9,drinks,"Brentwood: pop, soda, bottled/sparkling water, sports and energy drinks in Drinks section"
9885,Powerade Zero Sugar Sports Drink Fruit Punch 710 ml (bottle),9,drinks,"Brentwood: pop, soda, bottled/sparkling water, sports and energy drinks in Drinks section"
31507,Red Bull Energy Drink The Red Edition Watermelon 250 ml (can),9,drinks,"Brentwood: pop, soda, bottled/sparkling water, sports and energy drinks in Drinks section"
903014,San Pellegrino Italian Sparkling Drink Limonata 6 x 330 ml (cans),9,drinks,"Brentwood: pop, soda, bottled/sparkling water, sports and energy drinks in Drinks section"
332688,San Pellegrino Sparkling Beverage Light Blood Orange 6 x 330 ml (cans),9,drinks,"Brentwood: pop, soda, bottled/sparkling water, sports and energy drinks in Drinks section"
332690,San Pellegrino Sparkling Beverage Light Pomegranate & Orange 6 x 330 ml (cans),9,drinks,"Brentwood: pop, soda, bottled/sparkling water, sports and energy drinks in Drinks section"
840926,Sperri Plant Based Meal Replacement Vanilla Maple 330 ml,other,drinks,"Brentwood: pop, soda, bottled/sparkling water, sports and energy drinks in Drinks section"
266513,Sprite Mini Soft Drink Lemon & Lime 6 x 222 ml (cans),9,drinks,"Brentwood: pop, soda, bottled/sparkling water, sports and energy drinks in Drinks section"
526717,Grace Island Soda Ginger Beer 330 ml (bottle),9,drinks,"Brentwood: pop, soda, bottled/sparkling water, sports and energy drinks in Drinks section"
499876,Jarritos Soft Drink Cola 370 ml (bottle),2,drinks,"Brentwood: pop, soda, bottled/sparkling water, sports and energy drinks in Drinks section"
258329,Jarritos Soft Drink Lime 370 ml (bottle),2,drinks,"Brentwood: pop, soda, bottled/sparkling water, sports and energy drinks in Drinks section"
258327,Jarritos Soft Drink Mandarine 370 ml (bottle),2,drinks,"Brentwood: pop, soda, bottled/sparkling water, sports and energy drinks in Drinks section"
258331,Jarritos Soft Drink Pineapple 370 ml (bottle),2,drinks,"Brentwood: pop, soda, bottled/sparkling water, sports and energy drinks in Drinks section"
313526,Jarritos Soft Drink Strawberry Fruit 370 ml (bottle),2,drinks,"Brentwood: pop, soda, bottled/sparkling water, sports and energy drinks in Drinks section"
