product_id,product_name,previous_section,corrected_section,reason
7122,Promise Gluten Free Loaf Multigrain 480 g (frozen),5,bakery,Bread → Bakery (gluten-free included)
552238,Promise Gluten-Free Vegan Rustic White Cob Loaf 400 g (frozen),5,bakery,Bread → Bakery (gluten-free included)
429159,Top Dessert Frozen Carrot Cake 500 g,other,3,Frozen dessert → Aisle 3
474244,Compliments Beef Bologna Sliced Meat 175 g,other,meat,Deli meat is not a spread or coffee/tea item
1441786,Compliments Deli Meat Roast Beef 150 g,other,meat,Deli meat is not a spread or coffee/tea item
935338,Compliments Extra Lean Thinly Sliced Smoked Turkey Breast 400 g,other,meat,Deli meat is not a spread or coffee/tea item
491077,Compliments Sliced Bologna 175 g,other,meat,Deli meat is not a spread or coffee/tea item
934568,Compliments Smoked Ham Black Forest Extra Lean Thinly Sliced 400 g,other,meat,Deli meat is not a spread or coffee/tea item
1295085,Fantino & Mondello Charcuterie Trio Chorizo Salami And Prosciutto 100 g,other,meat,Deli meat is not a spread or coffee/tea item
791193,Maple Leaf Deli Natural Smoked Ham Black Forest 600 g,other,meat,Deli meat is not a spread or coffee/tea item
791202,Maple Leaf Deli Natural Smoked Ham Original 600 g,other,meat,Deli meat is not a spread or coffee/tea item
346473,Maple Leaf Natural Selections Deli Shaved Chicken Breast Hickory Smoked 175 g,other,meat,Deli meat is not a spread or coffee/tea item
309421,Maple Leaf Natural Selections Deli Shaved Ham Italian Style 175 g,other,meat,Deli meat is not a spread or coffee/tea item
391337,Maple Leaf Natural Selections Deli Shaved Smoked Ham Black Forest Family Size 400 g,other,meat,Deli meat is not a spread or coffee/tea item
309420,Maple Leaf Natural Selections Deli Shaved Turkey Breast Hickory Smoked 175 g,other,meat,Deli meat is not a spread or coffee/tea item
391754,Maple Leaf Natural Selections Deli Shaved Turkey Breast Oven Roasted Family Size 375 g,other,meat,Deli meat is not a spread or coffee/tea item
245911,Maple Leaf Natural Selections Deli Sliced Baked Ham 175 g,other,meat,Deli meat is not a spread or coffee/tea item
271658,Maple Leaf Natural Selections Deli Sliced Baked Ham Honey 175 g,5,meat,Deli meat is not a spread or coffee/tea item
245910,Maple Leaf Natural Selections Deli Sliced Chicken Breast Oven Roasted 175 g,other,meat,Deli meat is not a spread or coffee/tea item
245912,Maple Leaf Natural Selections Deli Sliced Smoked Ham Black Forest 175 g,other,meat,Deli meat is not a spread or coffee/tea item
245906,Maple Leaf Natural Selections Deli Sliced Turkey Breast Oven Roasted 175 g,other,meat,Deli meat is not a spread or coffee/tea item
4276,Maple Lodge Farms Gluten-Free Chicken Bologna Value Size 375 g,5,meat,Deli meat is not a spread or coffee/tea item
699485,Mastro Salami with Prosciutto Sliced Meat 125 g,other,meat,Deli meat is not a spread or coffee/tea item
311161,San Daniele Gluten-Free Ham Prosciutto Sliced 100 g,5,meat,Deli meat is not a spread or coffee/tea item
311166,San Daniele Smoked Ham Prosciutto 100 g,other,meat,Deli meat is not a spread or coffee/tea item
791090,Schneiders Deli Half Ham Original 700 g,other,meat,Deli meat is not a spread or coffee/tea item
947608,Compliments Deli Sliced Meat Herb Turkey Breast 175 g,other,meat,Deli meat is not a spread or coffee/tea item
934707,Compliments Extra Lean Roast Turkey Breast Thinly Sliced Meat 175 g,other,meat,Deli meat is not a spread or coffee/tea item
934722,Compliments Extra Lean Smoked Turkey Breast Thinly Sliced Meat 175 g,other,meat,Deli meat is not a spread or coffee/tea item
934735,Compliments Gluten-Free Thinly Sliced Black Forest Ham Extra Lean 175 g,5,meat,Deli meat is not a spread or coffee/tea item
729006,Gatorade Protein Bar Chocolate Carmel 80 g,9,drinks,"Ready-to-drink pop, soda, water or energy/sports beverage → Drinks"
702415,Gatorade Whey Protein Bar Chocolate Chip 80 g,9,drinks,"Ready-to-drink pop, soda, water or energy/sports beverage → Drinks"
390739,Lunchmate Lunch Kit Bologna 90 g,other,meat,Deli meat is not a spread or coffee/tea item
992891,Maple Leaf Deli Shredded Natural Chicken BBQ 250 g,other,meat,Deli meat is not a spread or coffee/tea item
609778,Maple Leaf Deli Shredded Natural Chicken Slow Roasted 250 g,other,meat,Deli meat is not a spread or coffee/tea item
201808,Kernels Popcorn Seasoning Ketchup 125 g,9,0,Condiments → Aisle 0
890863,Miss Vickie's Cooked Potato Chips Sweet & Spicy Ketchup Flavour Kettle 190 g,9,0,Condiments → Aisle 0
