product_id,product_name,previous_section,updated_section,reason
423846,Best Buy Peanut Free Cookies Cream Filled Vanilla 600 g,other,9,Packaged snack cookies in Aisle 9
26402,Compliments Pie 8-Inch Cherry 680 g (frozen),other,3,Frozen pies and desserts in Aisle 3
26416,Compliments Pie Apple 8-Inch 750 g (frozen),other,3,Frozen pies and desserts in Aisle 3
25686,Compliments Pie Apple Crumble 8-Inch 680 g (frozen),other,3,Frozen pies and desserts in Aisle 3
26428,Compliments Pie Blueberry 8-Inch 680 g (frozen),other,3,Frozen pies and desserts in Aisle 3
26441,Compliments Pie Pecan 8-Inch 580 g (frozen),other,3,Frozen pies and desserts in Aisle 3
25691,Compliments Pie Pumpkin 8 Inch 650 g (frozen),other,3,Frozen pies and desserts in Aisle 3
25689,Compliments Pie Rhubarb Strawberry 680 g (frozen),other,3,Frozen pies and desserts in Aisle 3
374619,Dads Original Oatmeal Cookies 8 Individually Wrapped Packs 300 g,5,9,Packaged snack cookies in Aisle 9
672219,Dare Bear Paws Peanut-Free Cookies Birthday Cake 168 g,other,9,Packaged snack cookies in Aisle 9
540120,Dare Bear Paws Peanut-Free Cookies Rainbow Chip 6 Pack 240 g,other,9,Packaged snack cookies in Aisle 9
1369078,Dare Bear Paws Peanut-Free Soft Cookies Brownie 14 Pouches 490 g,other,9,Packaged snack cookies in Aisle 9
1375886,Dare Bear Paws Soft Cookies Banana Bread 14 Pouches 490 g,other,9,Packaged snack cookies in Aisle 9
1383176,Dare Bear Paws Soft Vanilla Cookies with Sprinkles Barbie 14 x 28 g,other,9,Packaged snack cookies in Aisle 9
655038,Dare Ultimate Peanut-Free Cookies Coconut Creme 290 g,other,9,Packaged snack cookies in Aisle 9
659120,Dare Ultimate Peanut-Free Cookies Lemon Crème 290 g,other,9,Packaged snack cookies in Aisle 9
654578,Dare Ultimate Peanut-Free Cookies Maple Crème 300 g,other,9,Packaged snack cookies in Aisle 9
673238,Fudgee-O Sandwich Cookies Chocolatey Creme Filled 303 g,other,9,Packaged snack cookies in Aisle 9
6879,Fudgee-O Sandwich Cookies Chocolatey Creme Filled 488 g,other,9,Packaged snack cookies in Aisle 9
673288,Fudgee-O Sandwich Cookies Double Stuf Creme Filled 303 g,other,9,Packaged snack cookies in Aisle 9
620653,Golden  Punjabi Biscuits Gur 1.13 kg,other,9,Packaged snack cookies in Aisle 9
620654,Golden Punjabi Biscuits Original 1.13 kg,other,9,Packaged snack cookies in Aisle 9
620655,Golden Punjabi Biscuits Sooji 1.1 kg,other,9,Packaged snack cookies in Aisle 9
1381646,Leclerc Celebration Cream Cookies Maple Leaf 350 g,other,9,Packaged snack cookies in Aisle 9
463891,Old El Paso Soft Tortilla Bowls Flour 8 Bowls 189 g,2,bakery,Fresh bread and wraps in Bakery
351442,Surati Coconut Cookies 340 g,other,9,Packaged snack cookies in Aisle 9
652971,Vachon Passion Flaky Pastries Apple Raspberry 6 Pack 305 g,other,bakery,Bakery bread and pastries
329548,Voortman Cookies Blueberry Turnovers 300 g,other,9,Packaged snack cookies in Aisle 9
6768,Voortman Mini Cookies Iced Oatmeal 142 g,5,9,Packaged snack cookies in Aisle 9
146247,Body Armor Sports Drink Fruit Punch 473 ml (bottle),4,9,Soft drinks and sports beverages in Aisle 9
149378,Body Armor Sports Drink Orange Mango 473 ml (bottle),other,9,Soft drinks and sports beverages in Aisle 9
146198,Body Armor Sports Drink Strawberry Banana 473 ml (bottle),other,9,Soft drinks and sports beverages in Aisle 9
28683,Fanta Naturally Flavoured Sparkling Beverage Orange 6 × 222 ml,other,9,Soft drinks and sports beverages in Aisle 9
1321091,Fanta Sparkling Beverage Pineapple 2 L (bottle),other,9,Soft drinks and sports beverages in Aisle 9
147538,Gatorade G Zero Glacier Cherry Drink 6 X 591 ml,other,9,Soft drinks and sports beverages in Aisle 9
953095,Gatorade Perform Sports Drink Fruit Punch 8 x 355 ml (bottles),4,9,Soft drinks and sports beverages in Aisle 9
235462,Gatorade Sports Drink 4 Flavour 24 x 591 ml (bottles),other,9,Soft drinks and sports beverages in Aisle 9
75139,Gatorade Sports Drink Cool Blue Raspberry 6 x 591 ml (bottles),other,9,Soft drinks and sports beverages in Aisle 9
235502,Gatorade Sports Drink G2 Club Pack 24 x 591 ml (bottles),other,9,Soft drinks and sports beverages in Aisle 9
481203,Gatorade Sports Drink Glacier Cherry 6 x 591 ml (bottles),other,9,Soft drinks and sports beverages in Aisle 9
733542,Gatorade Sports Drink Lemon Lime 6 x 591 ml (bottles),other,9,Soft drinks and sports beverages in Aisle 9
75142,Gatorade Sports Drink Orange 6 x 591 ml (bottles),other,9,Soft drinks and sports beverages in Aisle 9
335116,Gatorade Zero Drink Mix Powder Orange 10 Pack 30 g,5,9,Soft drinks and sports beverages in Aisle 9
512718,Gatorade Zero Sport Drink Glacier Freeze 6 x 591 ml (bottles),other,9,Soft drinks and sports beverages in Aisle 9
1316860,Gatorade Zero Sports Drink Apple Burst 8 x 355 ml (bottles),other,9,Soft drinks and sports beverages in Aisle 9
953084,Gatorade Zero Sports Drink Berry 6 x 591 ml (bottles),other,9,Soft drinks and sports beverages in Aisle 9
656214,Gatorade Zero Sports Drink Grape 6 x 591 ml (bottles),other,9,Soft drinks and sports beverages in Aisle 9
1316859,Gatorade Zero Sports Drink Watermelon Splash 8 x 355 ml (bottles),other,9,Soft drinks and sports beverages in Aisle 9
1308736,Maison Perrier Sparkling Water Beverage Forever Passion Fruit 1 L,other,9,Soft drinks and sports beverages in Aisle 9
343085,Ocean Spray Diet Beverage Cranberry Cherry 1.89 L,other,5,Shelf-stable juice/drinks in Aisle 5
214197,Ocean Spray Juice Diet Beverage Cranberry 1.89 L (bottle),other,5,Shelf-stable juice/drinks in Aisle 5
481932,Powerade Sports Drink Fruit Punch 710 ml (bottle),4,9,Soft drinks and sports beverages in Aisle 9
481933,Powerade Sports Drink Grape 710 ml (bottle),other,9,Soft drinks and sports beverages in Aisle 9
481948,Powerade Sports Drink Melon Pineapple 710 ml (bottle),other,9,Soft drinks and sports beverages in Aisle 9
481941,Powerade Sports Drink Mixed Berry 710 ml (bottle),other,9,Soft drinks and sports beverages in Aisle 9
9885,Powerade Zero Sugar Sports Drink Fruit Punch 710 ml (bottle),4,9,Soft drinks and sports beverages in Aisle 9
903014,San Pellegrino Italian Sparkling Drink Limonata 6 x 330 ml (cans),other,9,Soft drinks and sports beverages in Aisle 9
332688,San Pellegrino Sparkling Beverage Light Blood Orange 6 x 330 ml (cans),other,9,Soft drinks and sports beverages in Aisle 9
332690,San Pellegrino Sparkling Beverage Light Pomegranate & Orange 6 x 330 ml (cans),other,9,Soft drinks and sports beverages in Aisle 9
958031,Best Buy Frozen Spring Rolls Chicken 600 g,other,3,"Frozen entrées, appetizers or dinner foods in Aisle 3"
407944,Best Buy Frozen Vegetables Peas And Carrots 750 g,other,3,Frozen vegetables in Aisle 3
358894,Catch Of The Day Frozen Tilapia Filets 750 g,2,3,"Frozen entrées, appetizers or dinner foods in Aisle 3"
313649,Catch of the Day Frozen Pink Salmon Fillets 680 g,2,3,"Frozen entrées, appetizers or dinner foods in Aisle 3"
399174,Compliments Frozen Blueberries 600 g,other,4,Brentwood rule: frozen berries and fruit in Aisle 4
503609,Compliments Frozen Breaded Chicken Burger Fully Cooked 1.47 kg,other,3,"Frozen entrées, appetizers or dinner foods in Aisle 3"
656876,Compliments Frozen Breaded Spicy Chicken Wings 800 g,other,3,"Frozen entrées, appetizers or dinner foods in Aisle 3"
363170,Compliments Frozen Cheese Sticks Cheddar Bacon 325 g,other,3,"Frozen entrées, appetizers or dinner foods in Aisle 3"
476978,Compliments Frozen Chicken Balls With Sweet & Sour Sauce 700 g,other,3,"Frozen entrées, appetizers or dinner foods in Aisle 3"
421966,Compliments Frozen Chicken Strips Fully Cooked 1.5 kg,other,3,"Frozen entrées, appetizers or dinner foods in Aisle 3"
522222,Compliments Frozen Chicken Wings Buffalo Style 800 g,other,3,"Frozen entrées, appetizers or dinner foods in Aisle 3"
522224,Compliments Frozen Chicken Wings Smoky BBQ 800 g,other,3,"Frozen entrées, appetizers or dinner foods in Aisle 3"
224085,Compliments Frozen Chopped Spinach 500 g,other,3,Frozen vegetables in Aisle 3
6207,Compliments Frozen Haddock Fillets Battered 575 g,2,3,"Frozen entrées, appetizers or dinner foods in Aisle 3"
749930,Compliments Frozen Loins Pacific Pink Wild Salmon 227 g,2,3,"Frozen entrées, appetizers or dinner foods in Aisle 3"
229489,Compliments Frozen Waffles Cinnamon Toast 8 Pack 280 g,other,3,Brentwood rule: frozen waffles in Aisle 3
229490,Compliments Frozen Waffles Original 8 Pack 280 g,other,3,Brentwood rule: frozen waffles in Aisle 3
610712,Eight Treasures Frozen Whole Uncooked Pompano 800 g,2,3,"Frozen entrées, appetizers or dinner foods in Aisle 3"
433995,Eight Treasures Frozen Whole Uncooked Tilapia 1.36 kg,2,3,"Frozen entrées, appetizers or dinner foods in Aisle 3"
143456,Green Giant Cut Broccoli Valley Selections 500 g (frozen),other,3,Frozen vegetables in Aisle 3
190533,Green Giant Frozen Cut Green Beans 750 g,other,3,Frozen vegetables in Aisle 3
893204,High Liner Family Favourites Frozen Fillets English Style Battered 500 g,2,3,"Frozen entrées, appetizers or dinner foods in Aisle 3"
402883,High Liner Frozen Breaded Seasoned Pollock Fillets Lemon Peppercorn 500 g,2,3,"Frozen entrées, appetizers or dinner foods in Aisle 3"
892395,High Liner Frozen Minced Fish Fillets Tempura Battered 700 g,2,3,"Frozen entrées, appetizers or dinner foods in Aisle 3"
473075,High Liner Frozen Pan Seared Haddock Fillet Traditional 500 g,2,3,"Frozen entrées, appetizers or dinner foods in Aisle 3"
892535,High Liner Frozen Signature Cuts Haddock Fish Sticks Crispy Breaded 350 g,2,3,"Frozen entrées, appetizers or dinner foods in Aisle 3"
959276,Janes Frozen Chicken Boneless Bites Buffalo 710 g,other,3,"Frozen entrées, appetizers or dinner foods in Aisle 3"
959490,Janes Frozen Chicken Wings Classic BBQ 754 g,other,3,"Frozen entrées, appetizers or dinner foods in Aisle 3"
959423,Janes Frozen Chicken Wings Sea Salt & Pepper 754 g,other,3,"Frozen entrées, appetizers or dinner foods in Aisle 3"
959422,Janes Frozen Fully Cooked Chicken Wings Buffalo 754 g,other,3,"Frozen entrées, appetizers or dinner foods in Aisle 3"
1359427,Janes Frozen Haddock Beer Battered 450 g,2,3,"Frozen entrées, appetizers or dinner foods in Aisle 3"
15388,Janes Frozen Tempura Battered Breaded Pollock Fish Uncooked 510 g,2,3,"Frozen entrées, appetizers or dinner foods in Aisle 3"
292726,Krinos Cheese Fillo Twisters 1 kg (frozen),other,3,"Frozen entrées, appetizers or dinner foods in Aisle 3"
1353076,"Pintys  Breast Chunks, Seasoned, Breaded, Uncooked, 17% Meat Protein Chicken 730 g",other,3,"Frozen entrées, appetizers or dinner foods in Aisle 3"
6301,Shoal Water Seafoods Boned Salted Cod 454 g,2,3,"Frozen entrées, appetizers or dinner foods in Aisle 3"
608963,Arm & Hammer Pet Fresh Carpet Deodorizer 700 g,other,8,Household cleaners in Aisle 8
177416,CLR Remover Calcium Lime Rust 828 ml,other,8,Household cleaners in Aisle 8
233159,Compliments Cellulose Scour Sponge 2 Pack,other,8,Household cleaners in Aisle 8
698335,Compliments Containers Small Twist Lock Round 3 Count,other,7,"Food storage bags, containers and paper products in Aisle 7"
698334,Compliments Containers Square Small 4 Pack,other,7,"Food storage bags, containers and paper products in Aisle 7"
358931,Compliments Disinfecting Wipes Fresh Scent 35 Sheets,other,8,Household cleaners in Aisle 8
358933,Compliments Disinfecting Wipes Lemon Scent 35 Sheets,other,8,Household cleaners in Aisle 8
439007,Compliments Premium Dinner Napkins 2-Ply 100 Sheets,other,7,"Food storage bags, containers and paper products in Aisle 7"
248776,Compliments Sandwich Bags Resealable 100 EA,other,7,"Food storage bags, containers and paper products in Aisle 7"
248777,Compliments Snack Bags Resealable 75 Count,other,7,"Food storage bags, containers and paper products in Aisle 7"
698640,Compliments Square Medium Containers 3 Count,other,7,"Food storage bags, containers and paper products in Aisle 7"
367233,Compliments Toilet Paper Green Care 2-Ply 12 Rolls x 242 Sheets,other,7,"Food storage bags, containers and paper products in Aisle 7"
4770,Compliments Toilet Paper Satiny Soft 2-Ply 12 Rolls x 242 Sheets,other,7,"Food storage bags, containers and paper products in Aisle 7"
357345,Cottonelle Fresh Care Flushable Wet Wipes 2 Packs x 42 Wipes,other,7,"Food storage bags, containers and paper products in Aisle 7"
965313,Lysol Disinfecting Wipes Spring Waterfall 75 Count,other,8,Household cleaners in Aisle 8
401099,Purex Toilet Paper 2 Ply 12 Double Rolls x 242 Sheets,other,7,"Food storage bags, containers and paper products in Aisle 7"
401101,Purex Toilet Paper 2-Ply 12 Triple Rolls x 363 Sheets,other,7,"Food storage bags, containers and paper products in Aisle 7"
414160,Purex Toilet Paper 2-Ply 30 Jumbo Rolls x 202 Sheets,other,7,"Food storage bags, containers and paper products in Aisle 7"
401096,Purex Toilet Paper 2-Ply 8 Double Rolls x 242 Sheets,other,7,"Food storage bags, containers and paper products in Aisle 7"
958100,Purex Toilet Paper Ultraluxe 2 Ply 8 Triple Rolls x 198 Sheets,other,7,"Food storage bags, containers and paper products in Aisle 7"
950040,Purex Toliet Paper Ultra 3 Ply 8 Triple Rolls x 198 Sheets,other,7,"Food storage bags, containers and paper products in Aisle 7"
457315,Ziploc Freezer Bags Grip 'n Seal Technology Large Mega Pack 60 Count,other,7,"Food storage bags, containers and paper products in Aisle 7"
152448,Ziploc Freezer Bags Seal Top Medium 22 Count,other,7,"Food storage bags, containers and paper products in Aisle 7"
494623,Ziploc Sandwich Bags Easy Open Tabs 180 Bags,other,7,"Food storage bags, containers and paper products in Aisle 7"
1430172,Ziploc Sandwich Bags Extra Large 60 Bags,other,7,"Food storage bags, containers and paper products in Aisle 7"
1430577,Ziploc Storage Bags Heavy Duty Large 10 Bags,other,7,"Food storage bags, containers and paper products in Aisle 7"
152470,Ziploc Storage Bags With New Grip 'n Seal Technology Large 19 Bags,other,7,"Food storage bags, containers and paper products in Aisle 7"
1383170,Ben's Original Bistro Express Rice Side Coconut Sticky 240 g,other,1,Rice in Aisle 1
1383169,Ben's Original Bistro Express Rice Side Dish Brown Jasmine Rice 240 g,2,1,Rice in Aisle 1
10293,Ben's Original Converted Rice Side Dish Long Grain Parboiled 2.2 kg,2,1,Rice in Aisle 1
10343,Ben's Original Rice Side Dish Whole Grain Brown 2.2 kg,2,1,Rice in Aisle 1
1304626,Cheerios Cereal Fruity 311 g,other,5,Hot/cold breakfast cereals grouped in Aisle 5 (check store)
811250,Cheerios Cereal Original Whole Grains Family Size 570 g,other,5,Hot/cold breakfast cereals grouped in Aisle 5 (check store)
1118477,Christie Toppables Crackers Family Size 454 g,other,6,Crackers in Aisle 6
811450,Cinnamon Toast Crunch Cereal Whole Grains Family Size 591 g,other,5,Hot/cold breakfast cereals grouped in Aisle 5 (check store)
378870,Dare Breton Crackers Veggie Bites 200 g,other,6,Crackers in Aisle 6
363163,Dare Breton Gluten-Free Crackers Herb & Garlic 135 g,5,6,Crackers in Aisle 6
363162,Dare Breton Gluten-Free Crackers Original With Flax 135 g,5,6,Crackers in Aisle 6
1309924,Dare Breton Simple Goodness Crackers Sea Salt & Olive Oil 180 g,other,6,Crackers in Aisle 6
352251,Kashi Granola Cacao And Cashew Butter 311 g,other,5,Hot/cold breakfast cereals grouped in Aisle 5 (check store)
963740,Kellogg Cereal Corn Flakes 600 g,other,5,Hot/cold breakfast cereals grouped in Aisle 5 (check store)
209099,Kellogg's Cereal All Bran Buds & Psyllium 500 g,other,5,Hot/cold breakfast cereals grouped in Aisle 5 (check store)
1304934,Kellogg's Cereal Raisin Bran 1.01 kg,other,5,Hot/cold breakfast cereals grouped in Aisle 5 (check store)
304008,Minute Rice Fried Rice Fully Cooked 2 x 125 g,other,1,Rice in Aisle 1
166816,Minute Rice Whole Grain Brown Rice 1.2 kg,other,1,Rice in Aisle 1
1417077,Nestle Nesquik Cereal 521 g,other,5,Hot/cold breakfast cereals grouped in Aisle 5 (check store)
444512,Pepperidge Farm Goldfish Crackers Flavour Blasted Salt & Vinegar 180 g,other,6,Crackers in Aisle 6
811407,Reese's Puffs Cereal Peanut Butter Chocolate Whole Grains 326 g,9,5,Hot/cold breakfast cereals grouped in Aisle 5 (check store)
20194,Ritz Crackers Bacon Dippers Smoky Bacon 180 g,other,6,Crackers in Aisle 6
19784,Ritz Crackers Cheese Bits 180 g,other,6,Crackers in Aisle 6
20193,Ritz Crackers Swiss Cheese 180 g,other,6,Crackers in Aisle 6
863597,Ryvita Vegan Rye Crispbread Sesame Rye 250 g,other,6,Crackers in Aisle 6
20185,Vegetable Thins Crackers 180 g,other,6,Crackers in Aisle 6
20186,Wheat Thins Crackers Multigrain 180 g,other,6,Crackers in Aisle 6
20189,Wheat Thins Crackers Original 180 g,other,6,Crackers in Aisle 6
818672,Big Mountain Foods Vegan Mighty Mushroom Bites Sweet Potato & Spinach 300 g,other,3,Plant-based prepared dinner in Aisle 3
1355128,Gardein Plant Based Frozen Meat Alternative Chicken Strips 397 g,other,3,"Frozen entrées, appetizers or dinner foods in Aisle 3"
1354692,Gardein Plant Based Frozen Meat Alternative F'sh Filets 425 g,other,meat,Plant-based meat alternatives in Meat section
1355129,Gardein Plant Based Frozen Meat Alternative Ground Beef 397 g,other,meat,Plant-based meat alternatives in Meat section
1352228,Gardein Plant Based Frozen Single Serve Meal Chick'n Fried Rice 255 g,other,3,Plant-based prepared dinner in Aisle 3
1352227,Gardein Plant Based Frozen Single Serve Meal Fried Chick'n Macaroni Cheeze 255 g,2,3,Plant-based prepared dinner in Aisle 3
1354754,Gardein Suprême Plant Based Frozen Breakfast Saus'ge Patties 390 g,other,meat,Plant-based meat alternatives in Meat section
1405504,Gardein Suprême Plant-Based Meatballs 425 g,other,meat,Plant-based meat alternatives in Meat section
105543,Gardein Vegan Frozen Chicken Nuggets Supreme 417 g,meat,3,"Frozen entrées, appetizers or dinner foods in Aisle 3"
526030,Bulacan Frozen Grated Cassava 454 g,meat,2,Brentwood rule: frozen seafood in Aisle 2
526130,Bulacan Frozen Shredded Young Coconut 454 g,meat,2,Brentwood rule: frozen seafood in Aisle 2
646884,Bulacan Frozen Sweet Longanisa 375 g,meat,2,Brentwood rule: frozen seafood in Aisle 2
676334,Bulacan Pork Tosino 375 g (frozen),meat,2,Brentwood rule: frozen seafood in Aisle 2
920801,Compliments Frozen Bay Scallops Raw 340 g,meat,2,Brentwood rule: frozen seafood in Aisle 2
592574,Goldilocks Frozen Asado Buns Pork 580 g,meat,2,Brentwood rule: frozen seafood in Aisle 2
592584,Goldilocks Frozen Bun Siopao Chicken Asado 580 g,meat,2,Brentwood rule: frozen seafood in Aisle 2
592683,Goldilocks Frozen Half Roll Choco Overload 480 g,meat,2,Brentwood rule: frozen seafood in Aisle 2
592653,Goldilocks Half Roll Mocha 370 g,meat,2,Brentwood rule: frozen seafood in Aisle 2
565366,Manila's Best Frozen Grated Cassava 454 g,meat,2,Brentwood rule: frozen seafood in Aisle 2
298162,Matlaws Scallops Stuffed 425 g (frozen),meat,2,Brentwood rule: frozen seafood in Aisle 2
275699,Matlaws Stuffed Clams 425 g (frozen),meat,2,Brentwood rule: frozen seafood in Aisle 2
219183,Maynilas Choice  Red Chili 250 g,meat,2,Brentwood rule: frozen seafood in Aisle 2
593152,Napakasarap Frozen Egg Rolls Lumpia Pork Pampanga Style 454 g,meat,2,Brentwood rule: frozen seafood in Aisle 2
593170,Napakasarap Mini Pork Lumpia Pampanga Style 908 g,meat,2,Brentwood rule: frozen seafood in Aisle 2
565381,Paradise Frozen Steamed Saba 454 g,meat,2,Brentwood rule: frozen seafood in Aisle 2
1342634,Purefoods Tender Juicy Hotdog 340 g,meat,2,Brentwood rule: frozen seafood in Aisle 2
911890,Quality Pampanga Beef Blood 375 ml,meat,2,Brentwood rule: frozen seafood in Aisle 2
1293395,Shirakiku Frozen Cooked Gyudon Beef 250 g,meat,2,Brentwood rule: frozen seafood in Aisle 2
1342632,Siwin Frozen Pork Longanisa Skinless Hot 375 g,meat,2,Brentwood rule: frozen seafood in Aisle 2
1342631,Siwin Skinless Sweet Pork Longanisa 375 g,meat,2,Brentwood rule: frozen seafood in Aisle 2
887635,Viva Hotdog Cheesy Juicy 600 g,meat,2,Brentwood rule: frozen seafood in Aisle 2
887633,Viva Meaty Juicy Hotdog 600 g,meat,2,Brentwood rule: frozen seafood in Aisle 2
